Project Name,Package Name,Type Name,Testability Smell,Cause of the Smell
atmosphere_atmosphere,org.atmosphere.cpr,AtmosphereServlet,Excessive Dependency,The tool detected the smell in this class because the class depends on too many dependencies. The total number of dependencies is: 10
atmosphere_atmosphere,org.atmosphere.cpr,BroadcasterListenerTest,Excessive Dependency,The tool detected the smell in this class because the class depends on too many dependencies. The total number of dependencies is: 8
atmosphere_atmosphere,org.atmosphere.cpr,BroadcasterListenerTest.L,Global State,The tool detected the smell in this class because the class can be accessed as a `global` state.
atmosphere_atmosphere,org.atmosphere.cpr,BroadcasterListenerTest.CachedAR,Global State,The tool detected the smell in this class because the class can be accessed as a `global` state.
atmosphere_atmosphere,org.atmosphere.cpr,BroadcasterListenerTest.BAR,Global State,The tool detected the smell in this class because the class can be accessed as a `global` state.
atmosphere_atmosphere,org.atmosphere.cpr,BroadcasterListenerTest.AR,Global State,The tool detected the smell in this class because the class can be accessed as a `global` state.
atmosphere_atmosphere,org.atmosphere.cpr,UrlMappingTest,Excessive Dependency,The tool detected the smell in this class because the class depends on too many dependencies. The total number of dependencies is: 10
atmosphere_atmosphere,org.atmosphere.cpr,UrlMappingTest.AH,Global State,The tool detected the smell in this class because the class can be accessed as a `global` state.
atmosphere_atmosphere,org.atmosphere.cpr,BroadcasterCacheTest,Excessive Dependency,The tool detected the smell in this class because the class depends on too many dependencies. The total number of dependencies is: 16
atmosphere_atmosphere,org.atmosphere.cpr,BroadcasterCacheTest.AR,Global State,The tool detected the smell in this class because the class can be accessed as a `global` state.
atmosphere_atmosphere,org.atmosphere.cpr,ExcludeSessionBroadcasterTest,Excessive Dependency,The tool detected the smell in this class because the class depends on too many dependencies. The total number of dependencies is: 10
atmosphere_atmosphere,org.atmosphere.cpr,ExcludeSessionBroadcasterTest.AR,Global State,The tool detected the smell in this class because the class can be accessed as a `global` state.
atmosphere_atmosphere,org.atmosphere.cpr,SessionTest,Excessive Dependency,The tool detected the smell in this class because the class depends on too many dependencies. The total number of dependencies is: 9
atmosphere_atmosphere,org.atmosphere.cpr,BroadcastFilterTest,Excessive Dependency,The tool detected the smell in this class because the class depends on too many dependencies. The total number of dependencies is: 13
atmosphere_atmosphere,org.atmosphere.cpr,BroadcastFilterTest.Filter,Global State,The tool detected the smell in this class because the class can be accessed as a `global` state.
atmosphere_atmosphere,org.atmosphere.cpr,BroadcastFilterTest.AR,Global State,The tool detected the smell in this class because the class can be accessed as a `global` state.
atmosphere_atmosphere,org.atmosphere.cpr,AtmosphereFrameworkTest,Excessive Dependency,The tool detected the smell in this class because the class depends on too many dependencies. The total number of dependencies is: 12
atmosphere_atmosphere,org.atmosphere.cpr,AtmosphereFrameworkTest.MyInterceptor,Global State,The tool detected the smell in this class because the class can be accessed as a `global` state.
atmosphere_atmosphere,org.atmosphere.cpr,AtmosphereFrameworkTest.MyBroadcasterFactory,Global State,The tool detected the smell in this class because the class can be accessed as a `global` state.
atmosphere_atmosphere,org.atmosphere.cpr,WriteTimeoutTest,Excessive Dependency,The tool detected the smell in this class because the class depends on too many dependencies. The total number of dependencies is: 12
atmosphere_atmosphere,org.atmosphere.cpr,WriteTimeoutTest.AR,Global State,The tool detected the smell in this class because the class can be accessed as a `global` state.
atmosphere_atmosphere,org.atmosphere.cpr,AtmosphereHandlerTest,Excessive Dependency,The tool detected the smell in this class because the class depends on too many dependencies. The total number of dependencies is: 13
atmosphere_atmosphere,org.atmosphere.cpr,AtmosphereHandlerTest.AR,Global State,The tool detected the smell in this class because the class can be accessed as a `global` state.
atmosphere_atmosphere,org.atmosphere.cpr,AtmosphereResourceListenerTest,Excessive Dependency,The tool detected the smell in this class because the class depends on too many dependencies. The total number of dependencies is: 10
atmosphere_atmosphere,org.atmosphere.cpr,AtmosphereRequestTest,Excessive Dependency,The tool detected the smell in this class because the class depends on too many dependencies. The total number of dependencies is: 9
atmosphere_atmosphere,org.atmosphere.cpr,ServiceTest.B,Global State,The tool detected the smell in this class because the class can be accessed as a `global` state.
atmosphere_atmosphere,org.atmosphere.cpr,ServiceTest.C,Global State,The tool detected the smell in this class because the class can be accessed as a `global` state.
atmosphere_atmosphere,org.atmosphere.cpr,AtmosphereInterceptorTest,Excessive Dependency,The tool detected the smell in this class because the class depends on too many dependencies. The total number of dependencies is: 12
atmosphere_atmosphere,org.atmosphere.cpr,ConcurrentBroadcasterTest,Excessive Dependency,The tool detected the smell in this class because the class depends on too many dependencies. The total number of dependencies is: 14
atmosphere_atmosphere,org.atmosphere.cpr,ConcurrentBroadcasterTest.AR,Global State,The tool detected the smell in this class because the class can be accessed as a `global` state.
atmosphere_atmosphere,org.atmosphere.cpr,ConcurrentBroadcasterTest.AR2,Global State,The tool detected the smell in this class because the class can be accessed as a `global` state.
atmosphere_atmosphere,org.atmosphere.cpr,BroadcasterTest,Excessive Dependency,The tool detected the smell in this class because the class depends on too many dependencies. The total number of dependencies is: 17
atmosphere_atmosphere,org.atmosphere.cpr,BroadcasterTest.AR,Global State,The tool detected the smell in this class because the class can be accessed as a `global` state.
atmosphere_atmosphere,org.atmosphere.cpr,WebSocketFactoryTest.CustomFactory,Global State,The tool detected the smell in this class because the class can be accessed as a `global` state.
atmosphere_atmosphere,org.atmosphere.cpr,TrackMessageSizeInterceptorTest,Excessive Dependency,The tool detected the smell in this class because the class depends on too many dependencies. The total number of dependencies is: 13
atmosphere_atmosphere,org.atmosphere.cpr,WebSocketStreamingHandlerTest,Excessive Dependency,The tool detected the smell in this class because the class depends on too many dependencies. The total number of dependencies is: 9
atmosphere_atmosphere,org.atmosphere.cpr,WebSocketStreamingHandlerTest.EchoHandler,Global State,The tool detected the smell in this class because the class can be accessed as a `global` state.
atmosphere_atmosphere,org.atmosphere.cpr,AtmosphereResourceTest,Excessive Dependency,The tool detected the smell in this class because the class depends on too many dependencies. The total number of dependencies is: 16
atmosphere_atmosphere,org.atmosphere.cpr,WebSocketProcessorTest,Excessive Dependency,The tool detected the smell in this class because the class depends on too many dependencies. The total number of dependencies is: 16
atmosphere_atmosphere,org.atmosphere.cpr,UUIDBroadcasterCacheThreadingTest,Global State,The tool detected the smell in this class because the class declares global variables. The detected global variables are: NUM_MESSAGES
atmosphere_atmosphere,org.atmosphere.cpr,DefaultBroadcasterTest,Excessive Dependency,The tool detected the smell in this class because the class depends on too many dependencies. The total number of dependencies is: 11
atmosphere_atmosphere,org.atmosphere.cpr,DefaultBroadcasterTest.B,Global State,The tool detected the smell in this class because the class can be accessed as a `global` state.
atmosphere_atmosphere,org.atmosphere.cpr,DefaultBroadcasterFactoryTest,Global State,The tool detected the smell in this class because the class declares global variables. The detected global variables are: instance
atmosphere_atmosphere,org.atmosphere.cpr,DefaultBroadcasterFactoryTest.TestBroadcaster,Global State,The tool detected the smell in this class because the class can be accessed as a `global` state.
atmosphere_atmosphere,org.atmosphere.cpr,DefaultBroadcasterFactoryTest.TestBroadcaster,Global State,The tool detected the smell in this class because the class declares global variables. The detected global variables are: instance
atmosphere_atmosphere,org.atmosphere.cpr,UUIDBroadcasterCacheTest,Excessive Dependency,The tool detected the smell in this class because the class depends on too many dependencies. The total number of dependencies is: 12
atmosphere_atmosphere,org.atmosphere.cpr,UUIDBroadcasterCacheTest.AR,Global State,The tool detected the smell in this class because the class can be accessed as a `global` state.
atmosphere_atmosphere,org.atmosphere.cpr,BroadcasterLifecyclePolicyTest,Excessive Dependency,The tool detected the smell in this class because the class depends on too many dependencies. The total number of dependencies is: 10
atmosphere_atmosphere,org.atmosphere.cpr,BroadcasterLifecyclePolicyTest.AR,Global State,The tool detected the smell in this class because the class can be accessed as a `global` state.
atmosphere_atmosphere,org.atmosphere.cpr,BroadcasterLifecyclePolicyTest.B,Global State,The tool detected the smell in this class because the class can be accessed as a `global` state.
atmosphere_atmosphere,org.atmosphere.cpr,WebSocketHandlerTest,Excessive Dependency,The tool detected the smell in this class because the class depends on too many dependencies. The total number of dependencies is: 8
atmosphere_atmosphere,org.atmosphere.cpr,WebSocketHandlerTest.EchoHandler,Global State,The tool detected the smell in this class because the class can be accessed as a `global` state.
atmosphere_atmosphere,org.atmosphere.cpr,BroadcasterLifeCyclePolicy,Global State,The tool detected the smell in this class because the class declares global variables. The detected global variables are: IDLE; IDLE_DESTROY; IDLE_RESUME; EMPTY; EMPTY_DESTROY; IDLE_EMPTY_DESTROY; NEVER
atmosphere_atmosphere,org.atmosphere.cpr,BroadcasterLifeCyclePolicy.Builder,Global State,The tool detected the smell in this class because the class can be accessed as a `global` state.
atmosphere_atmosphere,org.atmosphere.cpr,AtmosphereResponseImpl,Excessive Dependency,The tool detected the smell in this class because the class depends on too many dependencies. The total number of dependencies is: 10
atmosphere_atmosphere,org.atmosphere.cpr,AtmosphereResponseImpl.Builder,Global State,The tool detected the smell in this class because the class can be accessed as a `global` state.
atmosphere_atmosphere,org.atmosphere.cpr,AtmosphereResourceEventListenerAdapter.OnHeartbeat,Global State,The tool detected the smell in this class because the class can be accessed as a `global` state.
atmosphere_atmosphere,org.atmosphere.cpr,AtmosphereResourceEventListenerAdapter.OnSuspend,Global State,The tool detected the smell in this class because the class can be accessed as a `global` state.
atmosphere_atmosphere,org.atmosphere.cpr,AtmosphereResourceEventListenerAdapter.OnPreSuspend,Global State,The tool detected the smell in this class because the class can be accessed as a `global` state.
atmosphere_atmosphere,org.atmosphere.cpr,AtmosphereResourceEventListenerAdapter.OnResume,Global State,The tool detected the smell in this class because the class can be accessed as a `global` state.
atmosphere_atmosphere,org.atmosphere.cpr,AtmosphereResourceEventListenerAdapter.OnDisconnect,Global State,The tool detected the smell in this class because the class can be accessed as a `global` state.
atmosphere_atmosphere,org.atmosphere.cpr,AtmosphereResourceEventListenerAdapter.OnBroadcast,Global State,The tool detected the smell in this class because the class can be accessed as a `global` state.
atmosphere_atmosphere,org.atmosphere.cpr,AtmosphereResourceEventListenerAdapter.OnThrowable,Global State,The tool detected the smell in this class because the class can be accessed as a `global` state.
atmosphere_atmosphere,org.atmosphere.cpr,AtmosphereResourceEventListenerAdapter.OnClose,Global State,The tool detected the smell in this class because the class can be accessed as a `global` state.
atmosphere_atmosphere,org.atmosphere.cpr,AtmosphereResource,Excessive Dependency,The tool detected the smell in this class because the class depends on too many dependencies. The total number of dependencies is: 9
atmosphere_atmosphere,org.atmosphere.cpr,AtmosphereRequestImpl.Builder,Global State,The tool detected the smell in this class because the class can be accessed as a `global` state.
atmosphere_atmosphere,org.atmosphere.cpr,AtmosphereRequestImpl.Body,Global State,The tool detected the smell in this class because the class can be accessed as a `global` state.
atmosphere_atmosphere,org.atmosphere.cpr,AtmosphereRequestImpl.NoOpsRequest,Global State,The tool detected the smell in this class because the class can be accessed as a `global` state.
atmosphere_atmosphere,org.atmosphere.cpr,AtmosphereRequestImpl.LazyComputation,Global State,The tool detected the smell in this class because the class can be accessed as a `global` state.
atmosphere_atmosphere,org.atmosphere.cpr,Meteor,Excessive Dependency,The tool detected the smell in this class because the class depends on too many dependencies. The total number of dependencies is: 8
atmosphere_atmosphere,org.atmosphere.cpr,DefaultBroadcasterFactory,Global State,The tool detected the smell in this class because the class declares global variables. The detected global variables are: legacyBroadcasterURI
atmosphere_atmosphere,org.atmosphere.cpr,DefaultBroadcasterFactory,Excessive Dependency,The tool detected the smell in this class because the class depends on too many dependencies. The total number of dependencies is: 8
atmosphere_atmosphere,org.atmosphere.cpr,DefaultAsyncSupportResolver,Global State,The tool detected the smell in this class because the class declares global variables. The detected global variables are: SERVLET_30; GLASSFISH_V2; TOMCAT_7; TOMCAT_WEBSOCKET; TOMCAT; JBOSS_5; JETTY; JETTY_7; JETTY_8; JETTY_9; JETTY_10; GRIZZLY; GRIZZLY2; JBOSSWEB; GRIZZLY_WEBSOCKET; GRIZZLY2_WEBSOCKET; NETTY; JBOSS_AS7_WEBSOCKET; JSR356_WEBSOCKET; WEBLOGIC_WEBSOCKET; HK2
atmosphere_atmosphere,org.atmosphere.cpr,ContainerInitializer,Excessive Dependency,The tool detected the smell in this class because the class depends on too many dependencies. The total number of dependencies is: 8
atmosphere_atmosphere,org.atmosphere.cpr,DefaultBroadcaster,Global State,The tool detected the smell in this class because the class declares global variables. The detected global variables are: POLLING_DEFAULT; CACHED
atmosphere_atmosphere,org.atmosphere.cpr,DefaultBroadcaster,Excessive Dependency,The tool detected the smell in this class because the class depends on too many dependencies. The total number of dependencies is: 17
atmosphere_atmosphere,org.atmosphere.cpr,DefaultBroadcaster.WriteQueue,Global State,The tool detected the smell in this class because the class can be accessed as a `global` state.
atmosphere_atmosphere,org.atmosphere.cpr,DefaultAtmosphereResourceFactory,Excessive Dependency,The tool detected the smell in this class because the class depends on too many dependencies. The total number of dependencies is: 12
atmosphere_atmosphere,org.atmosphere.cpr,MetaBroadcaster.MetaBroadcasterCache,Global State,The tool detected the smell in this class because the class can be accessed as a `global` state.
atmosphere_atmosphere,org.atmosphere.cpr,MetaBroadcaster.NoCache,Global State,The tool detected the smell in this class because the class can be accessed as a `global` state.
atmosphere_atmosphere,org.atmosphere.cpr,MetaBroadcaster.ThirtySecondsCache,Global State,The tool detected the smell in this class because the class can be accessed as a `global` state.
atmosphere_atmosphere,org.atmosphere.cpr,AsynchronousProcessor,Excessive Dependency,The tool detected the smell in this class because the class depends on too many dependencies. The total number of dependencies is: 20
atmosphere_atmosphere,org.atmosphere.cpr,AtmosphereResourceImpl,Global State,The tool detected the smell in this class because the class declares global variables. The detected global variables are: PRE_SUSPEND; SKIP_BROADCASTER_CREATION; METEOR
atmosphere_atmosphere,org.atmosphere.cpr,AtmosphereResourceImpl,Excessive Dependency,The tool detected the smell in this class because the class depends on too many dependencies. The total number of dependencies is: 19
atmosphere_atmosphere,org.atmosphere.cpr,DefaultAnnotationProcessor,Global State,The tool detected the smell in this class because the class declares global variables. The detected global variables are: ANNOTATION_ATTRIBUTE
atmosphere_atmosphere,org.atmosphere.cpr,AtmosphereFramework,Global State,The tool detected the smell in this class because the class declares global variables. The detected global variables are: DEFAULT_ATMOSPHERE_CONFIG_PATH; DEFAULT_LIB_PATH; DEFAULT_HANDLER_PATH; META_SERVICE; MAPPING_REGEX; ASYNC_IO; DEFAULT_ATMOSPHERE_INTERCEPTORS; REFLECTOR_ATMOSPHEREHANDLER
atmosphere_atmosphere,org.atmosphere.cpr,AtmosphereFramework,Excessive Dependency,The tool detected the smell in this class because the class depends on too many dependencies. The total number of dependencies is: 51
atmosphere_atmosphere,org.atmosphere.cpr,AtmosphereFramework.AtmosphereHandlerWrapper,Global State,The tool detected the smell in this class because the class can be accessed as a `global` state.
atmosphere_atmosphere,org.atmosphere.cpr,AtmosphereFramework.DefaultAtmosphereObjectFactory,Global State,The tool detected the smell in this class because the class can be accessed as a `global` state.
atmosphere_atmosphere,org.atmosphere.cpr,DefaultMetaBroadcaster,Global State,The tool detected the smell in this class because the class declares global variables. The detected global variables are: MAPPING_REGEX
atmosphere_atmosphere,org.atmosphere.cpr,Action,Global State,The tool detected the smell in this class because the class declares global variables. The detected global variables are: CANCELLED; CONTINUE; CREATED; RESUME; SUSPEND; DESTROYED; SKIP_ATMOSPHEREHANDLER
atmosphere_atmosphere,org.atmosphere.jersey,BaseTest.TestHelper,Global State,The tool detected the smell in this class because the class can be accessed as a `global` state.
atmosphere_atmosphere,org.atmosphere.jersey,WriteTimeoutTest,Excessive Dependency,The tool detected the smell in this class because the class depends on too many dependencies. The total number of dependencies is: 8
atmosphere_atmosphere,org.atmosphere.jersey,WriteTimeoutTest.J,Global State,The tool detected the smell in this class because the class can be accessed as a `global` state.
atmosphere_atmosphere,org.atmosphere.jersey,SuspendResponse.SuspendResponseBuilder,Global State,The tool detected the smell in this class because the class can be accessed as a `global` state.
atmosphere_atmosphere,org.atmosphere.jersey,SuspendResponse.TimeSpan,Global State,The tool detected the smell in this class because the class can be accessed as a `global` state.
atmosphere_atmosphere,org.atmosphere.jersey,BroadcasterFactoryInjector.PerRequest,Global State,The tool detected the smell in this class because the class can be accessed as a `global` state.
atmosphere_atmosphere,org.atmosphere.jersey,BroadcasterFactoryInjector.Singleton,Global State,The tool detected the smell in this class because the class can be accessed as a `global` state.
atmosphere_atmosphere,org.atmosphere.jersey,AtmosphereFilter,Global State,The tool detected the smell in this class because the class declares global variables. The detected global variables are: SUSPENDED_RESOURCE; RESUME_UUID; RESUME_CANDIDATES; INJECTED_BROADCASTER
atmosphere_atmosphere,org.atmosphere.jersey,AtmosphereProviders.BroadcasterProvider,Global State,The tool detected the smell in this class because the class can be accessed as a `global` state.
atmosphere_atmosphere,org.atmosphere.jersey,BroadcasterInjector.PerRequest,Global State,The tool detected the smell in this class because the class can be accessed as a `global` state.
atmosphere_atmosphere,org.atmosphere.jersey,BroadcasterInjector.Singleton,Global State,The tool detected the smell in this class because the class can be accessed as a `global` state.
atmosphere_atmosphere,org.atmosphere.jersey,AtmosphereResourceInjector.PerRequest,Global State,The tool detected the smell in this class because the class can be accessed as a `global` state.
atmosphere_atmosphere,org.atmosphere.jersey,AtmosphereResourceInjector.Singleton,Global State,The tool detected the smell in this class because the class can be accessed as a `global` state.
atmosphere_atmosphere,org.atmosphere.websocket,DefaultWebSocketProcessor,Excessive Dependency,The tool detected the smell in this class because the class depends on too many dependencies. The total number of dependencies is: 22
atmosphere_atmosphere,org.atmosphere.websocket,WebSocket,Global State,The tool detected the smell in this class because the class declares global variables. The detected global variables are: WEBSOCKET_INITIATED; WEBSOCKET_SUSPEND; WEBSOCKET_RESUME; WEBSOCKET_ACCEPT_DONE; NOT_SUPPORTED; CLEAN_CLOSE
atmosphere_atmosphere,org.atmosphere.websocket,WebSocket,Excessive Dependency,The tool detected the smell in this class because the class depends on too many dependencies. The total number of dependencies is: 8
atmosphere_atmosphere,org.atmosphere.util,SimpleBroadcaster,Excessive Dependency,The tool detected the smell in this class because the class depends on too many dependencies. The total number of dependencies is: 8
atmosphere_atmosphere,org.atmosphere.util,CookieUtil,Global State,The tool detected the smell in this class because the class declares global variables. The detected global variables are: STRICT
atmosphere_atmosphere,org.atmosphere.util,CookieUtil.ServerCookieDecoder,Global State,The tool detected the smell in this class because the class can be accessed as a `global` state.
atmosphere_atmosphere,org.atmosphere.util,CookieUtil.ServerCookieDecoder,Global State,The tool detected the smell in this class because the class declares global variables. The detected global variables are: STRICT
atmosphere_atmosphere,org.atmosphere.util,VoidServletConfig,Global State,The tool detected the smell in this class because the class declares global variables. The detected global variables are: ATMOSPHERE_SERVLET
atmosphere_atmosphere,org.atmosphere.util,IntrospectionUtils.PropertySource,Global State,The tool detected the smell in this class because the class can be accessed as a `global` state.
atmosphere_atmosphere,org.atmosphere.util,IntrospectionUtils.AttributeHolder,Global State,The tool detected the smell in this class because the class can be accessed as a `global` state.
atmosphere_atmosphere,org.atmosphere.util,Utils,Excessive Dependency,The tool detected the smell in this class because the class depends on too many dependencies. The total number of dependencies is: 10
atmosphere_atmosphere,org.atmosphere.util,AtmosphereFilterChain,Global State,The tool detected the smell in this class because the class declares global variables. The detected global variables are: INCREMENT
atmosphere_atmosphere,org.atmosphere.util,ServletProxyFactory.EchoMethodHandler,Global State,The tool detected the smell in this class because the class can be accessed as a `global` state.
atmosphere_atmosphere,org.atmosphere.util,ServletProxyFactory.UTF8Handler,Global State,The tool detected the smell in this class because the class can be accessed as a `global` state.
atmosphere_atmosphere,org.atmosphere.util,QueryStringDecoder,Global State,The tool detected the smell in this class because the class declares global variables. The detected global variables are: UTF_8
atmosphere_atmosphere,org.atmosphere.util,ExecutorsFactory,Global State,The tool detected the smell in this class because the class declares global variables. The detected global variables are: DEFAULT_ASYNC_THREAD; DEFAULT_MESSAGE_THREAD; DEFAULT_KEEP_ALIVE; ASYNC_WRITE_THREAD_POOL; SCHEDULER_THREAD_POOL; BROADCASTER_THREAD_POOL
atmosphere_atmosphere,org.atmosphere.util,ExecutorsFactory.AtmosphereThreadFactory,Global State,The tool detected the smell in this class because the class can be accessed as a `global` state.
atmosphere_atmosphere,org.atmosphere.util,VoidExecutorService,Global State,The tool detected the smell in this class because the class declares global variables. The detected global variables are: VOID
atmosphere_atmosphere,org.atmosphere.annotation.cache,ManagedAtmosphereHandlerTest.BroadcasterCacheTest,Global State,The tool detected the smell in this class because the class can be accessed as a `global` state.
atmosphere_atmosphere,org.atmosphere.annotation,ManagedAtmosphereHandlerTest,Global State,The tool detected the smell in this class because the class declares global variables. The detected global variables are: invoked
atmosphere_atmosphere,org.atmosphere.annotation,ManagedAtmosphereHandlerTest,Excessive Dependency,The tool detected the smell in this class because the class depends on too many dependencies. The total number of dependencies is: 22
atmosphere_atmosphere,org.atmosphere.annotation,ManagedAtmosphereHandlerTest.ManagedGet,Global State,The tool detected the smell in this class because the class can be accessed as a `global` state.
atmosphere_atmosphere,org.atmosphere.annotation,ManagedAtmosphereHandlerTest.ManagedPost,Global State,The tool detected the smell in this class because the class can be accessed as a `global` state.
atmosphere_atmosphere,org.atmosphere.annotation,ManagedAtmosphereHandlerTest.ManagedDelete,Global State,The tool detected the smell in this class because the class can be accessed as a `global` state.
atmosphere_atmosphere,org.atmosphere.annotation,ManagedAtmosphereHandlerTest.ManagedPut,Global State,The tool detected the smell in this class because the class can be accessed as a `global` state.
atmosphere_atmosphere,org.atmosphere.annotation,ManagedAtmosphereHandlerTest.ManagedMessage,Global State,The tool detected the smell in this class because the class can be accessed as a `global` state.
atmosphere_atmosphere,org.atmosphere.annotation,ManagedAtmosphereHandlerTest.ManagedMessageWithResource,Global State,The tool detected the smell in this class because the class can be accessed as a `global` state.
atmosphere_atmosphere,org.atmosphere.annotation,ManagedAtmosphereHandlerTest.ManagedSuspend,Global State,The tool detected the smell in this class because the class can be accessed as a `global` state.
atmosphere_atmosphere,org.atmosphere.annotation,ManagedAtmosphereHandlerTest.I,Global State,The tool detected the smell in this class because the class can be accessed as a `global` state.
atmosphere_atmosphere,org.atmosphere.annotation,ManagedAtmosphereHandlerTest.Priority,Global State,The tool detected the smell in this class because the class can be accessed as a `global` state.
atmosphere_atmosphere,org.atmosphere.annotation,ManagedAtmosphereHandlerTest.OverrideBroadcaster,Global State,The tool detected the smell in this class because the class can be accessed as a `global` state.
atmosphere_atmosphere,org.atmosphere.annotation,ManagedAtmosphereHandlerTest.ReaderInjection,Global State,The tool detected the smell in this class because the class can be accessed as a `global` state.
atmosphere_atmosphere,org.atmosphere.annotation,ManagedAtmosphereHandlerTest.InputStreamInjection,Global State,The tool detected the smell in this class because the class can be accessed as a `global` state.
atmosphere_atmosphere,org.atmosphere.annotation,ManagedAtmosphereHandlerTest.Heartbeat,Global State,The tool detected the smell in this class because the class can be accessed as a `global` state.
atmosphere_atmosphere,org.atmosphere.annotation,ManagedAtmosphereHandlerTest.InjectAnnotation,Global State,The tool detected the smell in this class because the class can be accessed as a `global` state.
atmosphere_atmosphere,org.atmosphere.annotation,ManagedAtmosphereHandlerTest.PostConstructAnnotation,Global State,The tool detected the smell in this class because the class can be accessed as a `global` state.
atmosphere_atmosphere,org.atmosphere.annotation,ManagedAtmosphereHandlerTest.Interceptor,Global State,The tool detected the smell in this class because the class can be accessed as a `global` state.
atmosphere_atmosphere,org.atmosphere.annotation,ManagedAtmosphereHandlerTest.Interceptor,Global State,The tool detected the smell in this class because the class declares global variables. The detected global variables are: invoked
atmosphere_atmosphere,org.atmosphere.annotation,ManagedAtmosphereHandlerTest.WebSocketfactoryTest,Global State,The tool detected the smell in this class because the class can be accessed as a `global` state.
atmosphere_atmosphere,org.atmosphere.annotation,ManagedAtmosphereHandlerTest.NamedService,Global State,The tool detected the smell in this class because the class can be accessed as a `global` state.
atmosphere_atmosphere,org.atmosphere.annotation,EncoderDecoderTest.ManagedMessage,Global State,The tool detected the smell in this class because the class can be accessed as a `global` state.
atmosphere_atmosphere,org.atmosphere.annotation,EncoderDecoderTest.DecodedMessage,Global State,The tool detected the smell in this class because the class can be accessed as a `global` state.
atmosphere_atmosphere,org.atmosphere.annotation,EncoderDecoderTest.EncodedMessage,Global State,The tool detected the smell in this class because the class can be accessed as a `global` state.
atmosphere_atmosphere,org.atmosphere.annotation,EncoderDecoderTest.StringBufferEncoder,Global State,The tool detected the smell in this class because the class can be accessed as a `global` state.
atmosphere_atmosphere,org.atmosphere.annotation,EncoderDecoderTest.StringBufferDecoder,Global State,The tool detected the smell in this class because the class can be accessed as a `global` state.
atmosphere_atmosphere,org.atmosphere.annotation,AnnotationUtil,Global State,The tool detected the smell in this class because the class declares global variables. The detected global variables are: logger
atmosphere_atmosphere,org.atmosphere.annotation,AtmosphereServiceProcessor,Excessive Dependency,The tool detected the smell in this class because the class depends on too many dependencies. The total number of dependencies is: 8
atmosphere_atmosphere,org.atmosphere.annotation.path,PathTest,Global State,The tool detected the smell in this class because the class declares global variables. The detected global variables are: instanceCount
atmosphere_atmosphere,org.atmosphere.annotation.path,PathTest,Excessive Dependency,The tool detected the smell in this class because the class depends on too many dependencies. The total number of dependencies is: 12
atmosphere_atmosphere,org.atmosphere.annotation.path,PathTest.ManagedPath,Global State,The tool detected the smell in this class because the class can be accessed as a `global` state.
atmosphere_atmosphere,org.atmosphere.annotation.path,PathTest.AtmosphereHandlerPath,Global State,The tool detected the smell in this class because the class can be accessed as a `global` state.
atmosphere_atmosphere,org.atmosphere.annotation.path,PathTest.MeteorPath,Global State,The tool detected the smell in this class because the class can be accessed as a `global` state.
atmosphere_atmosphere,org.atmosphere.annotation.path,PathTest.ManagedDoublePath,Global State,The tool detected the smell in this class because the class can be accessed as a `global` state.
atmosphere_atmosphere,org.atmosphere.annotation.path,PathTest.WebSocketHandlerPath,Global State,The tool detected the smell in this class because the class can be accessed as a `global` state.
atmosphere_atmosphere,org.atmosphere.annotation.path,PathTest.SingletonManagedPath,Global State,The tool detected the smell in this class because the class can be accessed as a `global` state.
atmosphere_atmosphere,org.atmosphere.annotation.path,PathTest.SingletonAtmosphereHandlerPath,Global State,The tool detected the smell in this class because the class can be accessed as a `global` state.
atmosphere_atmosphere,org.atmosphere.annotation.path,PathTest.SingletonMeteorPath,Global State,The tool detected the smell in this class because the class can be accessed as a `global` state.
atmosphere_atmosphere,org.atmosphere.annotation.path,PathTest.MyInterceptor,Global State,The tool detected the smell in this class because the class can be accessed as a `global` state.
atmosphere_atmosphere,org.atmosphere.annotation.path,PathTest.SingletonWebSocketHandlerPath,Global State,The tool detected the smell in this class because the class can be accessed as a `global` state.
atmosphere_atmosphere,org.atmosphere.annotation.path,PathTest.PathVar,Global State,The tool detected the smell in this class because the class can be accessed as a `global` state.
atmosphere_atmosphere,org.atmosphere.annotation.path,PathTest.InjectRuntime,Global State,The tool detected the smell in this class because the class can be accessed as a `global` state.
atmosphere_atmosphere,org.atmosphere.annotation.path,PathTest.InjectAtmosphereResource,Global State,The tool detected the smell in this class because the class can be accessed as a `global` state.
atmosphere_atmosphere,org.atmosphere.annotation.path,PathTest.InjectAtmosphereRequest,Global State,The tool detected the smell in this class because the class can be accessed as a `global` state.
atmosphere_atmosphere,org.atmosphere.annotation.path,PathTest.InjectAtmosphereResponse,Global State,The tool detected the smell in this class because the class can be accessed as a `global` state.
atmosphere_atmosphere,org.atmosphere.annotation.path,PathTest.InjectAtmosphereResourceEvent,Global State,The tool detected the smell in this class because the class can be accessed as a `global` state.
atmosphere_atmosphere,org.atmosphere.annotation.scanning,AnnotationScanningTest.R,Global State,The tool detected the smell in this class because the class can be accessed as a `global` state.
atmosphere_atmosphere,org.atmosphere.annotation.custom,CustomAnnotationTest.MyAnnotationProcessor,Global State,The tool detected the smell in this class because the class can be accessed as a `global` state.
atmosphere_atmosphere,org.atmosphere.annotation.custom,CustomAnnotationTest.MyAnnotationImplementation,Global State,The tool detected the smell in this class because the class can be accessed as a `global` state.
atmosphere_atmosphere,org.atmosphere.interceptor,SSEAtmosphereInterceptorTest,Excessive Dependency,The tool detected the smell in this class because the class depends on too many dependencies. The total number of dependencies is: 10
atmosphere_atmosphere,org.atmosphere.interceptor,AtmosphereResourceStateRecovery,Excessive Dependency,The tool detected the smell in this class because the class depends on too many dependencies. The total number of dependencies is: 9
atmosphere_atmosphere,org.atmosphere.interceptor,AtmosphereResourceStateRecovery.BroadcasterTracker,Global State,The tool detected the smell in this class because the class can be accessed as a `global` state.
atmosphere_atmosphere,org.atmosphere.interceptor,AtmosphereResourceStateRecovery.OnAlwaysSuspend,Global State,The tool detected the smell in this class because the class can be accessed as a `global` state.
atmosphere_atmosphere,org.atmosphere.interceptor,JSONPAtmosphereInterceptor,Excessive Dependency,The tool detected the smell in this class because the class depends on too many dependencies. The total number of dependencies is: 9
atmosphere_atmosphere,org.atmosphere.interceptor,SSEAtmosphereInterceptor,Excessive Dependency,The tool detected the smell in this class because the class depends on too many dependencies. The total number of dependencies is: 8
atmosphere_atmosphere,org.atmosphere.interceptor,CacheHeadersInterceptor,Excessive Dependency,The tool detected the smell in this class because the class depends on too many dependencies. The total number of dependencies is: 8
atmosphere_atmosphere,org.atmosphere.interceptor,PaddingAtmosphereInterceptor,Excessive Dependency,The tool detected the smell in this class because the class depends on too many dependencies. The total number of dependencies is: 8
atmosphere_atmosphere,org.atmosphere.interceptor,SimpleRestInterceptor,Global State,The tool detected the smell in this class because the class declares global variables. The detected global variables are: PROTOCOL_DETACHED_KEY; X_ATMOSPHERE_SIMPLE_REST_PROTOCOL_DETACHED; X_REQUEST_KEY
atmosphere_atmosphere,org.atmosphere.interceptor,SimpleRestInterceptor,Excessive Dependency,The tool detected the smell in this class because the class depends on too many dependencies. The total number of dependencies is: 15
atmosphere_atmosphere,org.atmosphere.interceptor,JavaScriptProtocol,Excessive Dependency,The tool detected the smell in this class because the class depends on too many dependencies. The total number of dependencies is: 14
atmosphere_atmosphere,org.atmosphere.interceptor,IdleResourceInterceptor,Excessive Dependency,The tool detected the smell in this class because the class depends on too many dependencies. The total number of dependencies is: 9
atmosphere_atmosphere,org.atmosphere.interceptor,CorsInterceptor,Excessive Dependency,The tool detected the smell in this class because the class depends on too many dependencies. The total number of dependencies is: 9
atmosphere_atmosphere,org.atmosphere.interceptor,TrackMessageSizeB64Interceptor,Global State,The tool detected the smell in this class because the class declares global variables. The detected global variables are: SKIP_INTERCEPTOR
atmosphere_atmosphere,org.atmosphere.interceptor,HeartbeatInterceptor,Global State,The tool detected the smell in this class because the class declares global variables. The detected global variables are: INTERCEPTOR_ADDED; HEARTBEAT_FUTURE
atmosphere_atmosphere,org.atmosphere.interceptor,HeartbeatInterceptor,Excessive Dependency,The tool detected the smell in this class because the class depends on too many dependencies. The total number of dependencies is: 13
atmosphere_atmosphere,org.atmosphere.handler,AbstractReflectorAtmosphereHandler,Excessive Dependency,The tool detected the smell in this class because the class depends on too many dependencies. The total number of dependencies is: 8
atmosphere_atmosphere,org.atmosphere.handler,AbstractReflectorAtmosphereHandler.Default,Global State,The tool detected the smell in this class because the class can be accessed as a `global` state.
atmosphere_atmosphere,org.atmosphere.websocket.protocol,StreamingHttpProtocol,Excessive Dependency,The tool detected the smell in this class because the class depends on too many dependencies. The total number of dependencies is: 8
atmosphere_atmosphere,org.atmosphere.cache,UUIDBroadcasterCache,Excessive Dependency,The tool detected the smell in this class because the class depends on too many dependencies. The total number of dependencies is: 8
atmosphere_atmosphere,org.atmosphere.util.uri,UriPattern,Global State,The tool detected the smell in this class because the class declares global variables. The detected global variables are: EMPTY
atmosphere_atmosphere,org.atmosphere.util.uri,UriTemplate,Global State,The tool detected the smell in this class because the class declares global variables. The detected global variables are: COMPARATOR; EMPTY
atmosphere_atmosphere,org.atmosphere.inject,InjectableObjectFactory,Excessive Dependency,The tool detected the smell in this class because the class depends on too many dependencies. The total number of dependencies is: 9
atmosphere_atmosphere,org.atmosphere.config.managed,ServiceInterceptor,Excessive Dependency,The tool detected the smell in this class because the class depends on too many dependencies. The total number of dependencies is: 9
atmosphere_atmosphere,org.atmosphere.config.managed,TypeResolver.Unknown,Global State,The tool detected the smell in this class because the class can be accessed as a `global` state.
atmosphere_atmosphere,org.atmosphere.config.managed,ManagedAtmosphereHandler,Excessive Dependency,The tool detected the smell in this class because the class depends on too many dependencies. The total number of dependencies is: 13
atmosphere_atmosphere,org.atmosphere.config.managed,ManagedAtmosphereHandler.MethodInfo,Global State,The tool detected the smell in this class because the class can be accessed as a `global` state.
atmosphere_atmosphere,org.atmosphere.config.managed,ManagedAtmosphereHandler.Managed,Global State,The tool detected the smell in this class because the class can be accessed as a `global` state.
atmosphere_atmosphere,org.atmosphere.container,BlockingIOCometSupport,Excessive Dependency,The tool detected the smell in this class because the class depends on too many dependencies. The total number of dependencies is: 9
atmosphere_atmosphere,org.atmosphere.container,JBossWebCometSupport,Global State,The tool detected the smell in this class because the class declares global variables. The detected global variables are: HTTP_EVENT
atmosphere_atmosphere,org.atmosphere.container,JBossWebCometSupport,Excessive Dependency,The tool detected the smell in this class because the class depends on too many dependencies. The total number of dependencies is: 8
atmosphere_atmosphere,org.atmosphere.container,EmbeddedWebSocketHandler,Global State,The tool detected the smell in this class because the class declares global variables. The detected global variables are: ECHO_ATMOSPHEREHANDLER
atmosphere_atmosphere,org.atmosphere.container,EmbeddedWebSocketHandler,Excessive Dependency,The tool detected the smell in this class because the class depends on too many dependencies. The total number of dependencies is: 10
atmosphere_atmosphere,org.atmosphere.container,EmbeddedWebSocketHandler,Law of Demeter violation,The tool detected the smell in this method (main) because the method voilates the law of Demeter. The long chain of method invocations is : org.atmosphere.container.EmbeddedWebSocketHandler.on; org.atmosphere.container.EmbeddedWebSocketHandler.serve
atmosphere_atmosphere,org.atmosphere.container,WeblogicWebSocketHandler,Excessive Dependency,The tool detected the smell in this class because the class depends on too many dependencies. The total number of dependencies is: 9
atmosphere_atmosphere,org.atmosphere.container,Servlet30CometSupport,Excessive Dependency,The tool detected the smell in this class because the class depends on too many dependencies. The total number of dependencies is: 8
atmosphere_atmosphere,org.atmosphere.container,JettyWebSocketUtil,Excessive Dependency,The tool detected the smell in this class because the class depends on too many dependencies. The total number of dependencies is: 12
atmosphere_atmosphere,org.atmosphere.container,Tomcat7CometSupport,Global State,The tool detected the smell in this class because the class declares global variables. The detected global variables are: COMET_EVENT
atmosphere_atmosphere,org.atmosphere.container,Tomcat7CometSupport,Excessive Dependency,The tool detected the smell in this class because the class depends on too many dependencies. The total number of dependencies is: 8
atmosphere_atmosphere,org.atmosphere.container,JettyServlet30AsyncSupportWithWebSocket,Excessive Dependency,The tool detected the smell in this class because the class depends on too many dependencies. The total number of dependencies is: 8
atmosphere_atmosphere,org.atmosphere.container,JSR356Endpoint,Excessive Dependency,The tool detected the smell in this class because the class depends on too many dependencies. The total number of dependencies is: 9
atmosphere_atmosphere,org.atmosphere.container,AbstractJetty9AsyncSupportWithWebSocket,Excessive Dependency,The tool detected the smell in this class because the class depends on too many dependencies. The total number of dependencies is: 9
atmosphere_atmosphere,org.atmosphere.container,NettyCometSupport,Global State,The tool detected the smell in this class because the class declares global variables. The detected global variables are: SUSPEND; RESUME
atmosphere_atmosphere,org.atmosphere.container,TomcatWebSocketUtil,Excessive Dependency,The tool detected the smell in this class because the class depends on too many dependencies. The total number of dependencies is: 10
atmosphere_atmosphere,org.atmosphere.container,JettyAsyncSupportWithWebSocket,Excessive Dependency,The tool detected the smell in this class because the class depends on too many dependencies. The total number of dependencies is: 8
atmosphere_atmosphere,org.atmosphere.container,JSR356AsyncSupport.AtmosphereConfigurator,Global State,The tool detected the smell in this class because the class can be accessed as a `global` state.
atmosphere_atmosphere,org.atmosphere.container,JSR356AsyncSupport.QuarkusAtmosphereConfigurator,Global State,The tool detected the smell in this class because the class can be accessed as a `global` state.
atmosphere_atmosphere,org.atmosphere.container,TomcatCometSupport,Global State,The tool detected the smell in this class because the class declares global variables. The detected global variables are: COMET_EVENT
atmosphere_atmosphere,org.atmosphere.container,GlassFishWebSocketHandler,Excessive Dependency,The tool detected the smell in this class because the class depends on too many dependencies. The total number of dependencies is: 10
atmosphere_atmosphere,org.atmosphere.client,TrackMessageSizeInterceptor,Global State,The tool detected the smell in this class because the class declares global variables. The detected global variables are: SKIP_INTERCEPTOR
atmosphere_atmosphere,org.atmosphere.client,TrackMessageSizeInterceptor,Excessive Dependency,The tool detected the smell in this class because the class depends on too many dependencies. The total number of dependencies is: 8
